{
"Slice 1": 0.0,
"bk:alien_glasses": 0.630716134598792,
"bk:amurs_arrow": 0.944914457604813,
"bk:amurs_bow": 0.9532293515935413,
"bk:ancient_revolver": 0.8215775502464923,
"bk:ankh": 0.09978358324315967,
"bk:arkhalis": 0.6384640416531077,
"bk:assault_rifle": 0.0,
"bk:axe": 0.9794786466999446,
"bk:backpack": 0.030832910964690024,
"bk:banana": 0.07932628797886394,
"bk:batman": 0.08473404642363387,
"bk:battery": 0.0693569553805774,
"bk:beer": 0.08804800391868718,
"bk:bill": 0.4606346355336028,
"bk:billiard": 0.6338362273460479,
"bk:black_belt": 0.71883608815427,
"bk:blank": 0.5676901905130521,
"bk:blank_bombs": 0.7858833656122228,
"bk:blank_bullets": 0.9647940074906367,
"bk:blindfold": 0.6684313179158541,
"bk:bloody_chest": 0.9554180727409074,
"bk:bloody_shield": 0.7382166808349863,
"bk:blue_watch": 0.6352478271082922,
"bk:bomb": 0.959643605870021,
"bk:bomb_amulet": 0.6535337124289194,
"bk:bomb_pack": 0.8087627745161993,
"bk:bomb_pouch": 0.7621308016877637,
"bk:bomb_shower": 0.024807782167282594,
"bk:bone": 0.6702741702741704,
"bk:boomerang": 0.9485206394655213,
"bk:brain": 0.913226251725436,
"bk:brick": 0.020431911669192466,
"bk:broken_ankh": 0.0689975038791068,
"bk:broken_guitar": 0.9728206412825651,
"bk:broken_heart": 0.9619355074049756,
"bk:broken_stone": 0.0,
"bk:bubbles": 0.0394776684330053,
"bk:bucket": 0.641436768057848,
"bk:bullet_chair": 0.9253280839895013,
"bk:bullet_stone": 0.029076396807297566,
"bk:burst_gun": 0.7088392423506557,
"bk:butcher": 0.005311685708558815,
"bk:cage_key": 0.6663037561241154,
"bk:campfire_in_bottle": 0.5924943138741471,
"bk:can": 0.06759962809784875,
"bk:candy": 0.05954194948515492,
"bk:cap": 0.09126984126984132,
"bk:cap_a": 0.3160140562248996,
"bk:cap_b": 0.3317109696742793,
"bk:car_bomb": 0.7359917223814071,
"bk:cartridge": 0.7621538461538463,
"bk:cell": 0.32340254789848527,
"bk:chalice_of_blood": 0.8585185185185186,
"bk:charisma_ring": 0.05313217448343721,
"bk:chest": 0.9549055453991468,
"bk:chest_ring": 0.9854040404040404,
"bk:chicken": 0.9848715716151502,
"bk:clover": 0.40675886683024753,
"bk:coin_amulet": 0.10209235209235211,
"bk:coin_pouch": 0.00599608418991678,
"bk:compas": 0.6938297872340425,
"bk:condensed_milk": 0.5442162162162162,
"bk:copper_coin": 0.012456140350877165,
"bk:cowboy_hat": 0.973609211126311,
"bk:cowboy_hat_a": 0.01671131521877789,
"bk:cowboy_hat_b": 0.01671131521877789,
"bk:crash_gun": 0.5192704748795595,
"bk:crate": 0.036083179424037236,
"bk:cross": 0.08483507218885027,
"bk:crying_bomb": 0.6279630373644034,
"bk:crystal": 0.8167187063691519,
"bk:cup": 0.9701307032314971,
"bk:cup_head": 0.9664351851851851,
"bk:cup_head_a": 0.9599501324606514,
"bk:cup_head_b": 0.95480907263853,
"bk:cutsaw": 0.904084784576876,
"bk:d2": 0.10047946633312488,
"bk:d4": 0.5054260697989887,
"bk:d6": 0.9681418123218049,
"bk:dagger": 0.997408400357462,
"bk:death_star": 0.9359258088312783,
"bk:decoy": 0.04847762774688905,
"bk:detonator": 0.9415820029027576,
"bk:diamond_helmet": 0.564261720461516,
"bk:diamond_helmet_a": 0.5428988131160732,
"bk:diamond_helmet_b": 0.5428988131160732,
"bk:disk_1": 0.9227256761503337,
"bk:disk_10": 0.7245614035087719,
"bk:disk_2": 0.6925858951175407,
"bk:disk_3": 0.5144747725392887,
"bk:disk_4": 0.9340866290018832,
"bk:disk_5": 0.8730425055928412,
"bk:disk_6": 0.7918834547346515,
"bk:disk_7": 0.5914099674430253,
"bk:disk_8": 0.023941578850064687,
"bk:disk_9": 0.9487510766580534,
"bk:disk_gun": 0.6896822003705286,
"bk:donut": 0.04830664871065887,
"bk:duck_gun": 0.07887667887667887,
"bk:duck_ring": 0.017979452054794454,
"bk:dull_blade": 0.6385579383990821,
"bk:dunce_hat": 0.02119402985074616,
"bk:dunce_hat_a": 0.17672242134607727,
"bk:dunce_hat_b": 0.18919905126801684,
"bk:dynamite_stick": 0.9792256178079608,
"bk:earth": 0.5421200421200422,
"bk:emerald": 0.42108411087186853,
"bk:empty_shell": 0.051230604601391116,
"bk:enraged_bullets": 0.029820261437908502,
"bk:ethernal_d6": 0.7185416666666664,
"bk:explosive_bullets": 0.9470078841928397,
"bk:explosive_lamp": 0.6459572593082177,
"bk:eye": 0.7807250221043325,
"bk:eye_a": 0.318609865470852,
"bk:eye_amulet": 0.9943675714032287,
"bk:eye_b": 0.32175071750717504,
"bk:eye_patch": 0.0,
"bk:eyes": 0.8030303030303029,
"bk:eyes_a": 0.27891719042893376,
"bk:eyes_b": 0.34074344023323616,
"bk:fez": 0.9877967235038448,
"bk:fez_a": 0.21045918367346936,
"bk:fez_b": 0.21045918367346936,
"bk:fire_extinguisher": 0.930869980050308,
"bk:fire_ring": 0.005109708446047467,
"bk:flak_cannon": 0.6947226502311249,
"bk:follower": 0.6913965087281796,
"bk:fragile_lamp": 0.09626137484924897,
"bk:frog": 0.3994588436342921,
"bk:gamepad": 0.7647823261858347,
"bk:ghost_bullets": 0.051352339181286545,
"bk:gift": 0.018591949723178198,
"bk:glass": 0.6236063984488608,
"bk:glass_bullet": 0.637359384251036,
"bk:glass_gun": 0.6985753743276639,
"bk:glass_shard": 0.6489630753667174,
"bk:glass_sword": 0.6646469180131658,
"bk:glasses": 0.6599791558103179,
"bk:gold_coin": 0.07901117436221801,
"bk:gold_hat": 0.08049976277083663,
"bk:gold_hat_a": 0.08302965887235549,
"bk:gold_hat_b": 0.08302965887235549,
"bk:gold_ring": 0.08214045877072067,
"bk:goo": 0.6686589074132328,
"bk:grandma_head": 0.8932006633499171,
"bk:grandma_head_a": 0.8922712667004905,
"bk:grandma_head_b": 0.8922712667004905,
"bk:grenade": 0.461675272518646,
"bk:grenade_launcher": 0.7024659863945578,
"bk:guitar": 0.9737835719883166,
"bk:gun_sword": 0.721389066156137,
"bk:hair": 0.2491830065359478,
"bk:hair_a": 0.2550813008130081,
"bk:hair_b": 0.31809045226130656,
"bk:halo": 0.10591732932158464,
"bk:hammer": 0.09867178647866047,
"bk:headshot_gun": 0.7034696406443618,
"bk:heart": 0.9589461925153603,
"bk:heart_amulet": 0.9985493968544816,
"bk:helmet": 0.6407380607814761,
"bk:homemade_dice": 0.972394141007788,
"bk:ice_ring": 0.5662497457799471,
"bk:ice_skates": 0.6564061669324827,
"bk:idol": 0.08963296442193462,
"bk:infinite_bomb": 0.718092043972424,
"bk:inverted_arkhalis": 0.6137554424027747,
"bk:iron_armor": 0.6109379059495973,
"bk:iron_boots": 0.9500264011465641,
"bk:iron_coin": 0.8967452300785634,
"bk:jar": 0.941684030560453,
"bk:jelly": 0.9638125520478462,
"bk:jupiter": 0.03373926524284517,
"bk:key": 0.09393115942028984,
"bk:key_amulet": 0.10379746835443042,
"bk:key_pouch": 0.9601386481802426,
"bk:knight_hat": 0.8918575063613232,
"bk:knight_hat_a": 0.8897527025025914,
"bk:knight_hat_b": 0.8897527025025914,
"bk:laser_cannon": 0.6824333751918515,
"bk:laser_pointer": 0.9877726482001873,
"bk:lava_wand": 0.9522827912658421,
"bk:led": 0.3689111165324876,
"bk:lego": 0.9806760022213217,
"bk:lemon": 0.10698612455630847,
"bk:lightsaber": 0.5491106409653659,
"bk:lil_boo": 0.703957382039574,
"bk:lootpick": 0.8238702201622248,
"bk:maanex": 0.08858020382521291,
"bk:maanex_head": 0.09319506574488275,
"bk:maanex_head_a": 0.09460382513661203,
"bk:maanex_head_b": 0.08763486142862871,
"bk:machine_gun": 0.7349726775956285,
"bk:magnifier": 0.6711005542359462,
"bk:map": 0.048307221321808036,
"bk:map_greenprints": 0.32446882862734133,
"bk:marriage_ring": 0.07159185369908562,
"bk:mars": 0.9575956836958355,
"bk:marshmallow": 0.04440389294403898,
"bk:match": 0.9951040391676866,
"bk:matches": 0.024167454113335058,
"bk:meat_guy": 0.00970228601807549,
"bk:mega_bomb": 0.7238369765393547,
"bk:megaphone": 0.9674935339760169,
"bk:mercury": 0.03436739659367397,
"bk:metal_ring": 0.6525093632958802,
"bk:mimic_totem": 0.9609643022716736,
"bk:mimics_tooth": 0.8518833191730387,
"bk:missile": 0.9446761189880455,
"bk:missile_launcher": 0.7008057675996607,
"bk:missile_wand": 0.7262334536702767,
"bk:moon": 0.9994725738396625,
"bk:mushroom": 0.4134668892598776,
"bk:mushroom_hat": 0.9770447244872745,
"bk:mushroom_hat_a": 0.9923655913978495,
"bk:mushroom_hat_b": 0.9923655913978495,
"bk:mustache": 0.9611330698287219,
"bk:mustache_hat": 0.9611330698287219,
"bk:mustache_hat_a": 0.3295125164690382,
"bk:mustache_hat_b": 0.34390575441776167,
"bk:my_heart": 0.971371412803532,
"bk:nano_orb": 0.724888888888889,
"bk:neptune": 0.590882178804026,
"bk:ninjia_bomb": 0.7251478196600148,